{
  "users": [
    {
      "name": "admin",
      "phone": "1234567890",
      "email": "admin",
      "password": "admin",
      "profilePic": null,
      "orders": [],
      "friends": [],
      "id": 1
    },
    {
      "email": "bob@gmail.com",
      "password": "cat",
      "confirmPassword": "cat",
      "name": "Bob Builder",
      "orders": [],
      "friends": [],
      "phone": "1234123412",
      "id": 2
    }
  ],
  "posts": [
    {
      "id": 1,
      "title": "json-server",
      "author": "typicode"
    }
  ],
  "comments": [
    {
      "id": 1,
      "body": "some comment",
      "postId": 1
    }
  ],
  "profile": {
    "name": "typicode"
  }
}