[{"id":1,"name":"John Yadav","email":"iamjohnyadav@gmail.com","email_verified_at":null,"created_at":"2020-04-26T17:02:45.000000Z","updated_at":"2020-04-27T15:05:19.000000Z","api_token":"ZQmAInGvpKxMntjdJf7Oa2toA0hp3mabCMPmjuI8P2RqHloZbnolFC19h3OI"},{"id":2,"name":"John","email":"john.doe@gmail.com","email_verified_at":null,"created_at":"2020-04-27T14:59:21.000000Z","updated_at":"2020-04-27T14:59:21.000000Z","api_token":null},{"id":3,"name":"John","email":"john.doe1@gmail.com","email_verified_at":null,"created_at":"2020-04-27T15:19:12.000000Z","updated_at":"2020-04-27T15:19:12.000000Z","api_token":null},{"id":4,"name":"John","email":"john.doe11@gmail.com","email_verified_at":null,"created_at":"2020-04-27T15:23:27.000000Z","updated_at":"2020-04-27T15:23:27.000000Z","api_token":"nixEZW06CB9b3QWxGXpKSZnXylYwVVulXOXBrwaBkXw6aIyFBTgV1jjRYJkj"},{"id":5,"name":"Mangesh Sunil Narkhede","email":"mangeshnarkhede.ai@gmail.com","email_verified_at":null,"created_at":"2020-05-04T04:20:34.000000Z","updated_at":"2020-05-04T04:51:14.000000Z","api_token":"KnsWA4qLDblh4OIzM3i3UK4g2IQqCzKqEQs866DphGT2oYJEowfPGgGplrbO"},{"id":6,"name":"Edureka","email":"admin@edureka.com","email_verified_at":null,"created_at":"2020-05-04T04:52:42.000000Z","updated_at":"2020-05-14T04:50:56.000000Z","api_token":"0Eb4Mz019wCrBs55iZXVTxZVATpUvcjumcUdPyoLvTDhGA97JzLipDQYGl58"}]