[{"id":1,"created_at":"2020-04-26T17:08:41.000000Z","updated_at":"2020-04-26T17:08:41.000000Z","restaurent_name":"Reddys Biryani Zone","rating":"4.0","description":"Indian","name":"Roasted Chicken Biryani","image_url":"https:\/\/res.cloudinary.com\/swiggy\/image\/upload\/fl_lossy,f_auto,q_auto,w_508,h_320,c_fill\/ylkrbzvqollrxfc5kp53","cost":"190"},{"id":2,"created_at":"2020-04-26T17:08:41.000000Z","updated_at":"2020-04-26T17:08:41.000000Z","restaurent_name":"Mad Momos","rating":"3.8","description":"Indian","name":"Chicken Momos","image_url":"https:\/\/res.cloudinary.com\/swiggy\/image\/upload\/fl_lossy,f_auto,q_auto,w_366,h_240,c_fill\/jjvieg2ytl9l0y0fhtri","cost":"69"},{"id":3,"created_at":"2020-04-26T17:08:41.000000Z","updated_at":"2020-04-26T17:08:41.000000Z","restaurent_name":"Kabablo","rating":"3.2","description":"Indian","name":"Cajun Spiced Chicken","image_url":"https:\/\/res.cloudinary.com\/swiggy\/image\/upload\/fl_lossy,f_auto,q_auto,w_366,h_240,c_fill\/vx4uld2hyksrrlrmqpmg","cost":"260"},{"id":4,"created_at":"2020-04-26T17:08:41.000000Z","updated_at":"2020-04-26T17:08:41.000000Z","restaurent_name":"Mandarin Oak","rating":"4.0","description":"Asian, Chinese, Thai","name":"Steamed Chicken Dumplings","image_url":"https:\/\/res.cloudinary.com\/swiggy\/image\/upload\/fl_lossy,f_auto,q_auto,w_366,h_240,c_fill\/j0uxiukml9jzpxvxbt0w","cost":"150"},{"id":5,"created_at":"2020-04-26T17:08:41.000000Z","updated_at":"2020-04-26T17:08:41.000000Z","restaurent_name":"The Good Bowl","rating":"3.0","description":"Fast Food, North Indian","name":"Immunity Booster Chole Rice Bowl","image_url":"https:\/\/res.cloudinary.com\/swiggy\/image\/upload\/fl_lossy,f_auto,q_auto,w_366,h_240,c_fill\/nqw2klwsqyfnjow5x2fy","cost":"200"},{"id":6,"created_at":"2020-04-26T17:08:41.000000Z","updated_at":"2020-04-26T17:08:41.000000Z","restaurent_name":"Cafe Peter","rating":"3.7","description":"Korean, Continental, Bakery","name":"Cheese Chilli Toast","image_url":"https:\/\/res.cloudinary.com\/swiggy\/image\/upload\/fl_lossy,f_auto,q_auto,w_366,h_240,c_fill\/wjfwo0mpmfs7fub7ykvp","cost":"250"},{"id":7,"created_at":"2020-04-26T17:08:41.000000Z","updated_at":"2020-04-26T17:08:41.000000Z","restaurent_name":"Home Kitchen Services","rating":"4.5","description":"North Indian","name":"Chicken Fry","image_url":"https:\/\/res.cloudinary.com\/swiggy\/image\/upload\/fl_lossy,f_auto,q_auto,w_366,h_240,c_fill\/yktmfporzgu0jatkevqr","cost":"125"},{"id":8,"created_at":"2020-04-26T17:08:41.000000Z","updated_at":"2020-04-26T17:08:41.000000Z","restaurent_name":"Hotel Malabar","rating":"4.3","description":"Chinese, North Indian","name":"Chicken Pakora","image_url":"https:\/\/res.cloudinary.com\/swiggy\/image\/upload\/fl_lossy,f_auto,q_auto,w_366,h_240,c_fill\/gjuhuccffbwnonxanyl9","cost":"145"},{"id":9,"created_at":"2020-04-26T17:08:41.000000Z","updated_at":"2020-04-26T17:08:41.000000Z","restaurent_name":"Hotel Shalimar","rating":"3.2","description":"Indian","name":"Chicken Dry Fry","image_url":"https:\/\/res.cloudinary.com\/swiggy\/image\/upload\/fl_lossy,f_auto,q_auto,w_366,h_240,c_fill\/d59qdvgdq2caad7nhipx","cost":"100"},{"id":10,"created_at":"2020-04-26T17:08:41.000000Z","updated_at":"2020-04-26T17:08:41.000000Z","restaurent_name":"Tandoor Point","rating":"3.0","description":"Mughlai, North Indian, Chinese","name":"Chicken Kadai","image_url":"https:\/\/res.cloudinary.com\/swiggy\/image\/upload\/fl_lossy,f_auto,q_auto,w_366,h_240,c_fill\/onlp7ojjmh1qhivm0yxv","cost":"230"}]