{
  "restaurants": [
    {
      "id": 1,
      "created_at": "2020-04-26T17:08:41.000000Z",
      "updated_at": "2020-04-26T17:08:41.000000Z",
      "restaurent_name": "Reddys Biryani Zone",
      "rating": "4.0",
      "description": "Indian",
      "name": "Roasted Chicken Biryani",
      "image_url": "https://res.cloudinary.com/swiggy/image/upload/fl_lossy,f_auto,q_auto,w_508,h_320,c_fill/ylkrbzvqollrxfc5kp53",
      "cost": "190"
    },
    {
      "id": 2,
      "created_at": "2020-04-26T17:08:41.000000Z",
      "updated_at": "2020-04-26T17:08:41.000000Z",
      "restaurent_name": "Mad Momos",
      "rating": "3.8",
      "description": "Indian",
      "name": "Chicken Momos",
      "image_url": "https://res.cloudinary.com/swiggy/image/upload/fl_lossy,f_auto,q_auto,w_366,h_240,c_fill/jjvieg2ytl9l0y0fhtri",
      "cost": "69"
    },
    {
      "id": 3,
      "created_at": "2020-04-26T17:08:41.000000Z",
      "updated_at": "2020-04-26T17:08:41.000000Z",
      "restaurent_name": "Kabablo",
      "rating": "3.2",
      "description": "Indian",
      "name": "Cajun Spiced Chicken",
      "image_url": "https://res.cloudinary.com/swiggy/image/upload/fl_lossy,f_auto,q_auto,w_366,h_240,c_fill/vx4uld2hyksrrlrmqpmg",
      "cost": "260"
    },
    {
      "id": 4,
      "created_at": "2020-04-26T17:08:41.000000Z",
      "updated_at": "2020-04-26T17:08:41.000000Z",
      "restaurent_name": "Mandarin Oak",
      "rating": "4.0",
      "description": "Asian, Chinese, Thai",
      "name": "Steamed Chicken Dumplings",
      "image_url": "https://res.cloudinary.com/swiggy/image/upload/fl_lossy,f_auto,q_auto,w_366,h_240,c_fill/j0uxiukml9jzpxvxbt0w",
      "cost": "150"
    },
    {
      "id": 5,
      "created_at": "2020-04-26T17:08:41.000000Z",
      "updated_at": "2020-04-26T17:08:41.000000Z",
      "restaurent_name": "The Good Bowl",
      "rating": "3.0",
      "description": "Fast Food, North Indian",
      "name": "Immunity Booster Chole Rice Bowl",
      "image_url": "https://res.cloudinary.com/swiggy/image/upload/fl_lossy,f_auto,q_auto,w_366,h_240,c_fill/nqw2klwsqyfnjow5x2fy",
      "cost": "200"
    },
    {
      "id": 6,
      "created_at": "2020-04-26T17:08:41.000000Z",
      "updated_at": "2020-04-26T17:08:41.000000Z",
      "restaurent_name": "Cafe Peter",
      "rating": "3.7",
      "description": "Korean, Continental, Bakery",
      "name": "Cheese Chilli Toast",
      "image_url": "https://res.cloudinary.com/swiggy/image/upload/fl_lossy,f_auto,q_auto,w_366,h_240,c_fill/wjfwo0mpmfs7fub7ykvp",
      "cost": "250"
    },
    {
      "id": 7,
      "created_at": "2020-04-26T17:08:41.000000Z",
      "updated_at": "2020-04-26T17:08:41.000000Z",
      "restaurent_name": "Home Kitchen Services",
      "rating": "4.5",
      "description": "North Indian",
      "name": "Chicken Fry",
      "image_url": "https://res.cloudinary.com/swiggy/image/upload/fl_lossy,f_auto,q_auto,w_366,h_240,c_fill/yktmfporzgu0jatkevqr",
      "cost": "125"
    },
    {
      "id": 8,
      "created_at": "2020-04-26T17:08:41.000000Z",
      "updated_at": "2020-04-26T17:08:41.000000Z",
      "restaurent_name": "Hotel Malabar",
      "rating": "4.3",
      "description": "Chinese, North Indian",
      "name": "Chicken Pakora",
      "image_url": "https://res.cloudinary.com/swiggy/image/upload/fl_lossy,f_auto,q_auto,w_366,h_240,c_fill/gjuhuccffbwnonxanyl9",
      "cost": "145"
    },
    {
      "id": 9,
      "created_at": "2020-04-26T17:08:41.000000Z",
      "updated_at": "2020-04-26T17:08:41.000000Z",
      "restaurent_name": "Hotel Shalimar",
      "rating": "3.2",
      "description": "Indian",
      "name": "Chicken Dry Fry",
      "image_url": "https://res.cloudinary.com/swiggy/image/upload/fl_lossy,f_auto,q_auto,w_366,h_240,c_fill/d59qdvgdq2caad7nhipx",
      "cost": "100"
    },
    {
      "id": 10,
      "created_at": "2020-04-26T17:08:41.000000Z",
      "updated_at": "2020-04-26T17:08:41.000000Z",
      "restaurent_name": "Tandoor Point",
      "rating": "3.0",
      "description": "Mughlai, North Indian, Chinese",
      "name": "Chicken Kadai",
      "image_url": "https://res.cloudinary.com/swiggy/image/upload/fl_lossy,f_auto,q_auto,w_366,h_240,c_fill/onlp7ojjmh1qhivm0yxv",
      "cost": "230"
    }
  ],
  "users": [
    {
      "name": "bob builder",
      "phone": "1234123410",
      "email": "bob@gmail.com",
      "password": "1234",
      "profilePicture": "assets/blank.jpg",
      "orders": [
        4,
        4
      ],
      "friends": [
        1,
        3,
        4,
        5
      ],
      "id": 2
    },
    {
      "name": "admin",
      "phone": "1234567890",
      "email": "admin",
      "password": "admin",
      "profilePicture": "assets/blank.jpg",
      "orders": [
        3,
        1,
        5,
        8,
        10,
        4,
        4
      ],
      "friends": [
        2,
        4,
        3,
        5
      ],
      "id": 1
    },
    {
      "name": "Danny Fenton",
      "phone": "1234123456",
      "email": "danny@gmail.com",
      "password": "1234",
      "profilePicture": "assets/blank.jpg",
      "orders": [],
      "friends": [
        1,
        2,
        4,
        5
      ],
      "id": 3
    },
    {
      "name": "Timmy Turner",
      "phone": "1234123432",
      "email": "timmy@gmail.com",
      "password": "1234",
      "profilePicture": "assets/blank.jpg",
      "orders": [],
      "friends": [
        2,
        3,
        5,
        1
      ],
      "id": 4
    },
    {
      "name": "tamara turner",
      "phone": "1234123478",
      "email": "tamara@gmail.com",
      "password": "1234",
      "profilePicture": "assets/blank.jpg",
      "orders": [
        5,
        9
      ],
      "friends": [
        3,
        2,
        1
      ],
      "id": 5
    },
    {
      "name": "Akshay Bora",
      "phone": "6436893864",
      "email": "abora1@gmail.com",
      "password": "1234",
      "profilePicture": "assets/blank.jpg",
      "orders": [
        1,
        5
      ],
      "friends": [
        3,
        4
      ],
      "id": 6
    },
    {
      "name": "test",
      "phone": "74358437583",
      "email": "test@gmail.com",
      "password": "1234",
      "profilePicture": "assets/blank.jpg",
      "orders": [
        2,
        3
      ],
      "friends": [
        2,
        1
      ],
      "id": 7
    }
  ],
  "posts": [
    {
      "id": 1,
      "title": "json-server",
      "author": "typicode"
    }
  ],
  "comments": [
    {
      "id": 1,
      "body": "some comment",
      "postId": 1
    }
  ],
  "profile": {
    "name": "typicode"
  }
}